sample_id	condition	study	run_accession	ena_sample_accession	ena_secondary_sample_accession	fastq1_url	fastq2_url	fastq1_md5	fastq2_md5	fastq1_bytes	fastq2_bytes
SID31004	CRC	Public_study__FengQ_2015	ERR688505	SAMEA3136748	ERS608599	https://ftp.sra.ebi.ac.uk/vol1/fastq/ERR688/ERR688505/ERR688505_1.fastq.gz	https://ftp.sra.ebi.ac.uk/vol1/fastq/ERR688/ERR688505/ERR688505_2.fastq.gz	9b7cd87a91ef1b6a17bbfa40d4a59b06	85afd9f98c5f4f3a437b2c128ae853de	1734994657	1780805145
SID31009	Control	Public_study__FengQ_2015	ERR688506	SAMEA3136648	ERS608499	https://ftp.sra.ebi.ac.uk/vol1/fastq/ERR688/ERR688506/ERR688506_1.fastq.gz	https://ftp.sra.ebi.ac.uk/vol1/fastq/ERR688/ERR688506/ERR688506_2.fastq.gz	b6ca4810b22451e62e5c426648a43ee7	7f0bae229cd1fdbbbe752d8ef2a47cd6	2792286477	2842729324
SID31021	Control	Public_study__FengQ_2015	ERR688507	SAMEA3136638	ERS608489	https://ftp.sra.ebi.ac.uk/vol1/fastq/ERR688/ERR688507/ERR688507_1.fastq.gz	https://ftp.sra.ebi.ac.uk/vol1/fastq/ERR688/ERR688507/ERR688507_2.fastq.gz	44662b1b8e541ba5e711af656382f44a	23e0175b7adaafc928edb94603ab3641	2472461519	2557028990
SID31030	Adenoma	Public_study__FengQ_2015	ERR688508	SAMEA3136703	ERS608554	https://ftp.sra.ebi.ac.uk/vol1/fastq/ERR688/ERR688508/ERR688508_1.fastq.gz	https://ftp.sra.ebi.ac.uk/vol1/fastq/ERR688/ERR688508/ERR688508_2.fastq.gz	7e5e47c74d182575d5676034d273c4b0	186e6daaaa07b00106e5decf8b027307	2064431103	2127344486
SID31071	Control	Public_study__FengQ_2015	ERR688509	SAMEA3136670	ERS608521	https://ftp.sra.ebi.ac.uk/vol1/fastq/ERR688/ERR688509/ERR688509_1.fastq.gz	https://ftp.sra.ebi.ac.uk/vol1/fastq/ERR688/ERR688509/ERR688509_2.fastq.gz	3cc7184616fd00582743bce5988e1d11	d9a8a3038a521f6a0069ac9bc747d726	2138783957	2197911867
SID31112	Control	Public_study__FengQ_2015	ERR688510	SAMEA3136657	ERS608508	https://ftp.sra.ebi.ac.uk/vol1/fastq/ERR688/ERR688510/ERR688510_1.fastq.gz	https://ftp.sra.ebi.ac.uk/vol1/fastq/ERR688/ERR688510/ERR688510_2.fastq.gz	669b784da295049c28717525df921dfe	9f4b4808bbb75466ca8b79379d4afa0d	2109955874	2178046880
SID31129	Control	Public_study__FengQ_2015	ERR688511	SAMEA3136660	ERS608511	https://ftp.sra.ebi.ac.uk/vol1/fastq/ERR688/ERR688511/ERR688511_1.fastq.gz	https://ftp.sra.ebi.ac.uk/vol1/fastq/ERR688/ERR688511/ERR688511_2.fastq.gz	8ef8edead1ba12772b76613f4b94c5e4	8d2d95b96f73a0519ca4a795cc39275e	1610383731	1676249912
SID31137	Adenoma	Public_study__FengQ_2015	ERR688512	SAMEA3136712	ERS608563	https://ftp.sra.ebi.ac.uk/vol1/fastq/ERR688/ERR688512/ERR688512_1.fastq.gz	https://ftp.sra.ebi.ac.uk/vol1/fastq/ERR688/ERR688512/ERR688512_2.fastq.gz	cf423b61dc80e64dce2fafd7c6b3edec	66677322c5a422678f7aa15bad720c41	2703072537	2787926538
SID31159	CRC	Public_study__FengQ_2015	ERR688513	SAMEA3136769	ERS608620	https://ftp.sra.ebi.ac.uk/vol1/fastq/ERR688/ERR688513/ERR688513_1.fastq.gz	https://ftp.sra.ebi.ac.uk/vol1/fastq/ERR688/ERR688513/ERR688513_2.fastq.gz	930d0b70fad0b588e6fa43ac0f38af28	ecaf35e1939a79b9cbf744009f6eefa2	2315003662	2384192053
SID31160	Control	Public_study__FengQ_2015	ERR688514	SAMEA3136630	ERS608481	https://ftp.sra.ebi.ac.uk/vol1/fastq/ERR688/ERR688514/ERR688514_1.fastq.gz	https://ftp.sra.ebi.ac.uk/vol1/fastq/ERR688/ERR688514/ERR688514_2.fastq.gz	44bed179dfbe85b2648882899a99eb12	663ab234620b16d5d77971a17a3decd8	1951463012	1997246658
SID31188	CRC	Public_study__FengQ_2015	ERR688515	SAMEA3136751	ERS608602	https://ftp.sra.ebi.ac.uk/vol1/fastq/ERR688/ERR688515/ERR688515_1.fastq.gz	https://ftp.sra.ebi.ac.uk/vol1/fastq/ERR688/ERR688515/ERR688515_2.fastq.gz	1657eda85bda2946508c6aecd8e872b2	3e907815f188b0ff7d66b40e8e2420b6	2261496692	2341277168
SID31219	Control	Public_study__FengQ_2015	ERR688516	SAMEA3136634	ERS608485	https://ftp.sra.ebi.ac.uk/vol1/fastq/ERR688/ERR688516/ERR688516_1.fastq.gz	https://ftp.sra.ebi.ac.uk/vol1/fastq/ERR688/ERR688516/ERR688516_2.fastq.gz	ade5eeae8f7904707330a6efe0d12d7c	4a12b7314436eb628b1ad0d968a32107	1755096747	1787553174
SID31223	CRC	Public_study__FengQ_2015	ERR688517	SAMEA3136738	ERS608589	https://ftp.sra.ebi.ac.uk/vol1/fastq/ERR688/ERR688517/ERR688517_1.fastq.gz	https://ftp.sra.ebi.ac.uk/vol1/fastq/ERR688/ERR688517/ERR688517_2.fastq.gz	7b85e151b02763d1d80123dfa9d2434a	3af773988baeeb7659beed0fe5fd627c	2146377752	2205591384
SID31233	Adenoma	Public_study__FengQ_2015	ERR688519	SAMEA3136714	ERS608565	https://ftp.sra.ebi.ac.uk/vol1/fastq/ERR688/ERR688519/ERR688519_1.fastq.gz	https://ftp.sra.ebi.ac.uk/vol1/fastq/ERR688/ERR688519/ERR688519_2.fastq.gz	59aef9d139aef048ea316aa8919dcf30	ccb4f3f464b922cfff976d3380365477	2516096735	2604753745
SID31236	Control	Public_study__FengQ_2015	ERR688520	SAMEA3136663	ERS608514	https://ftp.sra.ebi.ac.uk/vol1/fastq/ERR688/ERR688520/ERR688520_1.fastq.gz	https://ftp.sra.ebi.ac.uk/vol1/fastq/ERR688/ERR688520/ERR688520_2.fastq.gz	3044003fad59e9f2fbc7fd96a7641f7f	7190aafdedebe584894a45684ce561e4	1832354766	1916860847
SID31237	CRC	Public_study__FengQ_2015	ERR688521	SAMEA3136747	ERS608598	https://ftp.sra.ebi.ac.uk/vol1/fastq/ERR688/ERR688521/ERR688521_1.fastq.gz	https://ftp.sra.ebi.ac.uk/vol1/fastq/ERR688/ERR688521/ERR688521_2.fastq.gz	e95eee6b67c2a98d31b42474cb20897d	3bd9d3c68269da86a98dba20c96fe744	2328186941	2417539723
SID31256	Adenoma	Public_study__FengQ_2015	ERR688522	SAMEA3136693	ERS608544	https://ftp.sra.ebi.ac.uk/vol1/fastq/ERR688/ERR688522/ERR688522_1.fastq.gz	https://ftp.sra.ebi.ac.uk/vol1/fastq/ERR688/ERR688522/ERR688522_2.fastq.gz	0a362ab99b66c0861a423cefa6acbd1d	ca3b43d6933b9009b31a25003dfe5ab6	2412139865	2448610483
SID31267	Control	Public_study__FengQ_2015	ERR688523	SAMEA3136676	ERS608527	https://ftp.sra.ebi.ac.uk/vol1/fastq/ERR688/ERR688523/ERR688523_1.fastq.gz	https://ftp.sra.ebi.ac.uk/vol1/fastq/ERR688/ERR688523/ERR688523_2.fastq.gz	673cc3fddf98ea1a304a9085b134cfe0	bb4318c65c6cc02ac9dd55e0093528e4	2126100423	2121355866
SID31275	Adenoma	Public_study__FengQ_2015	ERR688524	SAMEA3136707	ERS608558	https://ftp.sra.ebi.ac.uk/vol1/fastq/ERR688/ERR688524/ERR688524_1.fastq.gz	https://ftp.sra.ebi.ac.uk/vol1/fastq/ERR688/ERR688524/ERR688524_2.fastq.gz	eaf8386c125552e3c2c1862f51a0d98a	2396024195cfac80ae564aadebaeb408	1826781858	1816738250
SID31276	CRC	Public_study__FengQ_2015	ERR688525	SAMEA3136743	ERS608594	https://ftp.sra.ebi.ac.uk/vol1/fastq/ERR688/ERR688525/ERR688525_1.fastq.gz	https://ftp.sra.ebi.ac.uk/vol1/fastq/ERR688/ERR688525/ERR688525_2.fastq.gz	9256fc4922d6a8c58c1ef1ebab32be8c	25649b9e749f050e2dc600d2cd54451e	1997251951	2076883816
SID31282	Adenoma	Public_study__FengQ_2015	ERR688526	SAMEA3136704	ERS608555	https://ftp.sra.ebi.ac.uk/vol1/fastq/ERR688/ERR688526/ERR688526_1.fastq.gz	https://ftp.sra.ebi.ac.uk/vol1/fastq/ERR688/ERR688526/ERR688526_2.fastq.gz	d74a20cbbc21f513a222911e2098e5bb	cfd1bff467e10f629ebaa54f8f9c88ee	2386813166	2439642260
SID31285	CRC	Public_study__FengQ_2015	ERR688527	SAMEA3136754	ERS608605	https://ftp.sra.ebi.ac.uk/vol1/fastq/ERR688/ERR688527/ERR688527_1.fastq.gz	https://ftp.sra.ebi.ac.uk/vol1/fastq/ERR688/ERR688527/ERR688527_2.fastq.gz	0491f575142c45818c7cf47719e47355	1b6e8cef9a2d111c179b567ceb0d6517	2597213364	2665993922
SID31300	Control	Public_study__FengQ_2015	ERR688528	SAMEA3136644	ERS608495	https://ftp.sra.ebi.ac.uk/vol1/fastq/ERR688/ERR688528/ERR688528_1.fastq.gz	https://ftp.sra.ebi.ac.uk/vol1/fastq/ERR688/ERR688528/ERR688528_2.fastq.gz	0367eca0b3dde911363939117951aaeb	48034fc026eefbff6477baf24cd6511f	2407395773	2453437623
SID31328	Control	Public_study__FengQ_2015	ERR688529	SAMEA3136654	ERS608505	https://ftp.sra.ebi.ac.uk/vol1/fastq/ERR688/ERR688529/ERR688529_1.fastq.gz	https://ftp.sra.ebi.ac.uk/vol1/fastq/ERR688/ERR688529/ERR688529_2.fastq.gz	4656d299f8288453d5b700124cf528dd	bcd6fe6f0f64bc04e7cf9f781bd9ad42	2452594417	2531563192
SID31333	Control	Public_study__FengQ_2015	ERR688530	SAMEA3136673	ERS608524	https://ftp.sra.ebi.ac.uk/vol1/fastq/ERR688/ERR688530/ERR688530_1.fastq.gz	https://ftp.sra.ebi.ac.uk/vol1/fastq/ERR688/ERR688530/ERR688530_2.fastq.gz	19ee317308a7eea028d15b169fd68a4a	ca686a28dbbb90282a260e191f894754	2335237906	2406109238
SID31337	Adenoma	Public_study__FengQ_2015	ERR688531	SAMEA3136702	ERS608553	https://ftp.sra.ebi.ac.uk/vol1/fastq/ERR688/ERR688531/ERR688531_1.fastq.gz	https://ftp.sra.ebi.ac.uk/vol1/fastq/ERR688/ERR688531/ERR688531_2.fastq.gz	c4b95259d4fcde524fdfb001031f80ee	3fec55ff105d21e255cf40f6e332f320	1780471265	1830592207
SID31343	Control	Public_study__FengQ_2015	ERR688532	SAMEA3136665	ERS608516	https://ftp.sra.ebi.ac.uk/vol1/fastq/ERR688/ERR688532/ERR688532_1.fastq.gz	https://ftp.sra.ebi.ac.uk/vol1/fastq/ERR688/ERR688532/ERR688532_2.fastq.gz	286dfbf9ad276e3d3d7cf245a1898b61	567fd6342bd5f3374b17f775395dd8d7	1839030307	1930331730
SID31360	Control	Public_study__FengQ_2015	ERR688533	SAMEA3136664	ERS608515	https://ftp.sra.ebi.ac.uk/vol1/fastq/ERR688/ERR688533/ERR688533_1.fastq.gz	https://ftp.sra.ebi.ac.uk/vol1/fastq/ERR688/ERR688533/ERR688533_2.fastq.gz	16e8b578801f840fb10025520c872684	f4e962288642868c78bfce3a68f7c4c1	2118328417	2211745051
SID31367	CRC	Public_study__FengQ_2015	ERR688534	SAMEA3136765	ERS608616	https://ftp.sra.ebi.ac.uk/vol1/fastq/ERR688/ERR688534/ERR688534_1.fastq.gz	https://ftp.sra.ebi.ac.uk/vol1/fastq/ERR688/ERR688534/ERR688534_2.fastq.gz	f61954cb1720e9198b916a57c1cedcd4	2cd876ae1c3cc2303b29a9b59cbbbeec	2623259990	2707675793
SID31379	Control	Public_study__FengQ_2015	ERR688535	SAMEA3136656	ERS608507	https://ftp.sra.ebi.ac.uk/vol1/fastq/ERR688/ERR688535/ERR688535_1.fastq.gz	https://ftp.sra.ebi.ac.uk/vol1/fastq/ERR688/ERR688535/ERR688535_2.fastq.gz	0d9f5f7d7ac829cd742a74ba4fd7dd6f	f1385ec6b89dceef95e3ae91b494ff7a	2643567108	2704273601
SID31398	Adenoma	Public_study__FengQ_2015	ERR688536	SAMEA3136680	ERS608531	https://ftp.sra.ebi.ac.uk/vol1/fastq/ERR688/ERR688536/ERR688536_1.fastq.gz	https://ftp.sra.ebi.ac.uk/vol1/fastq/ERR688/ERR688536/ERR688536_2.fastq.gz	b26ad88df0bd0f4dbd0906d1d2f62976	03d2c32277b59aeceb6598ef09896718	2601500933	2620571052
SID31416	Control	Public_study__FengQ_2015	ERR688537	SAMEA3136650	ERS608501	https://ftp.sra.ebi.ac.uk/vol1/fastq/ERR688/ERR688537/ERR688537_1.fastq.gz	https://ftp.sra.ebi.ac.uk/vol1/fastq/ERR688/ERR688537/ERR688537_2.fastq.gz	50ed00e20a867b90efdcaeb41bdc9d5d	5118ddca8d4f5374cb184555522e9fd5	2570758013	2613698319
SID31424	Adenoma	Public_study__FengQ_2015	ERR688538	SAMEA3136691	ERS608542	https://ftp.sra.ebi.ac.uk/vol1/fastq/ERR688/ERR688538/ERR688538_1.fastq.gz	https://ftp.sra.ebi.ac.uk/vol1/fastq/ERR688/ERR688538/ERR688538_2.fastq.gz	11086f76a5ab2b7baf5808730bc5cf05	d3541b2c57540968960f03b3062e16e2	2860329600	2952200608
SID31428	Control	Public_study__FengQ_2015	ERR688539	SAMEA3136626	ERS608477	https://ftp.sra.ebi.ac.uk/vol1/fastq/ERR688/ERR688539/ERR688539_1.fastq.gz	https://ftp.sra.ebi.ac.uk/vol1/fastq/ERR688/ERR688539/ERR688539_2.fastq.gz	2d6b515b91cfc3528a326dd6afb039ef	2c6cc7d3e998eb50ff7411da7dd965ff	2547840763	2673296264
SID31431	Adenoma	Public_study__FengQ_2015	ERR688540	SAMEA3136713	ERS608564	https://ftp.sra.ebi.ac.uk/vol1/fastq/ERR688/ERR688540/ERR688540_1.fastq.gz	https://ftp.sra.ebi.ac.uk/vol1/fastq/ERR688/ERR688540/ERR688540_2.fastq.gz	726891eab4bca520a15ce983c0fa633f	9d1b7fe6a7bc313beade8b1330a0de6e	1641646116	1703587305
SID31446	CRC	Public_study__FengQ_2015	ERR688541	SAMEA3136724	ERS608575	https://ftp.sra.ebi.ac.uk/vol1/fastq/ERR688/ERR688541/ERR688541_1.fastq.gz	https://ftp.sra.ebi.ac.uk/vol1/fastq/ERR688/ERR688541/ERR688541_2.fastq.gz	138a65238ce76148c32860d6f987d703	41973f1270ddd1c3c2a3eef4f4afdc35	2734852178	2792656579
SID31449	Adenoma	Public_study__FengQ_2015	ERR688542	SAMEA3136706	ERS608557	https://ftp.sra.ebi.ac.uk/vol1/fastq/ERR688/ERR688542/ERR688542_1.fastq.gz	https://ftp.sra.ebi.ac.uk/vol1/fastq/ERR688/ERR688542/ERR688542_2.fastq.gz	6b68688a60f4eb2c15209b5c9c71f3b7	c9397da0a83516cc1fbd0d42753e2fec	2706504105	2865653823
SID31450	Control	Public_study__FengQ_2015	ERR688543	SAMEA3136668	ERS608519	https://ftp.sra.ebi.ac.uk/vol1/fastq/ERR688/ERR688543/ERR688543_1.fastq.gz	https://ftp.sra.ebi.ac.uk/vol1/fastq/ERR688/ERR688543/ERR688543_2.fastq.gz	5d7546fdc882bfd87df987cdb136ac49	642befb096ac8d67441b4ab72bf436e2	1752833756	1752372354
SID31452	Control	Public_study__FengQ_2015	ERR688544	SAMEA3136645	ERS608496	https://ftp.sra.ebi.ac.uk/vol1/fastq/ERR688/ERR688544/ERR688544_1.fastq.gz	https://ftp.sra.ebi.ac.uk/vol1/fastq/ERR688/ERR688544/ERR688544_2.fastq.gz	eb3de5ebaac20c0c6a24200b30d5fc24	30dc6bb0804f7a874e2da077dc203db3	2136193774	2191949918
SID31455	Adenoma	Public_study__FengQ_2015	ERR688545	SAMEA3136689	ERS608540	https://ftp.sra.ebi.ac.uk/vol1/fastq/ERR688/ERR688545/ERR688545_1.fastq.gz	https://ftp.sra.ebi.ac.uk/vol1/fastq/ERR688/ERR688545/ERR688545_2.fastq.gz	4311389a793875c40600d6d581ae27a3	cbfac39b0d5c2f83ab82303954c75297	2016553838	2102002053
SID31477	Adenoma	Public_study__FengQ_2015	ERR688546	SAMEA3136685	ERS608536	https://ftp.sra.ebi.ac.uk/vol1/fastq/ERR688/ERR688546/ERR688546_1.fastq.gz	https://ftp.sra.ebi.ac.uk/vol1/fastq/ERR688/ERR688546/ERR688546_2.fastq.gz	e30757d35d9b9250526f83074123905f	5cb3c5df106cbffed955002d404836d7	2312998142	2514824312
SID31489	CRC	Public_study__FengQ_2015	ERR688547	SAMEA3136755	ERS608606	https://ftp.sra.ebi.ac.uk/vol1/fastq/ERR688/ERR688547/ERR688547_1.fastq.gz	https://ftp.sra.ebi.ac.uk/vol1/fastq/ERR688/ERR688547/ERR688547_2.fastq.gz	9bd95b6202ad9af4cf355c43745dd08c	b9982a76c65452d3312929957d3da45e	2037787034	2106852018
SID31493	CRC	Public_study__FengQ_2015	ERR688548	SAMEA3136766	ERS608617	https://ftp.sra.ebi.ac.uk/vol1/fastq/ERR688/ERR688548/ERR688548_1.fastq.gz	https://ftp.sra.ebi.ac.uk/vol1/fastq/ERR688/ERR688548/ERR688548_2.fastq.gz	67349a1cdf6f6cddea94178c6d439a99	ebd9d52a65187883d50efa135c5e3e0e	2455622304	2612879255
SID31501	Adenoma	Public_study__FengQ_2015	ERR688549	SAMEA3136692	ERS608543	https://ftp.sra.ebi.ac.uk/vol1/fastq/ERR688/ERR688549/ERR688549_1.fastq.gz	https://ftp.sra.ebi.ac.uk/vol1/fastq/ERR688/ERR688549/ERR688549_2.fastq.gz	56094a5aa39d80751ae64be8a0aab744	46554c3f8e63bc79117ed97fd65931a0	3405996653	3480315329
SID31512	Control	Public_study__FengQ_2015	ERR688550	SAMEA3136662	ERS608513	https://ftp.sra.ebi.ac.uk/vol1/fastq/ERR688/ERR688550/ERR688550_1.fastq.gz	https://ftp.sra.ebi.ac.uk/vol1/fastq/ERR688/ERR688550/ERR688550_2.fastq.gz	af9fddd115a55e95408f204633290ea8	c2d067a19eb46fe78fcd65aa881e9959	1912934162	1930897517
SID31519	Control	Public_study__FengQ_2015	ERR688551	SAMEA3136667	ERS608518	https://ftp.sra.ebi.ac.uk/vol1/fastq/ERR688/ERR688551/ERR688551_1.fastq.gz	https://ftp.sra.ebi.ac.uk/vol1/fastq/ERR688/ERR688551/ERR688551_2.fastq.gz	863d919b1a0c85441f0e9d01ac7f8d0a	90b87f6cd4202176d9113ae3d7bb2a64	1927096445	1978864253
SID31537	Control	Public_study__FengQ_2015	ERR688552	SAMEA3136624	ERS608475	https://ftp.sra.ebi.ac.uk/vol1/fastq/ERR688/ERR688552/ERR688552_1.fastq.gz	https://ftp.sra.ebi.ac.uk/vol1/fastq/ERR688/ERR688552/ERR688552_2.fastq.gz	ea605e8e6447416ba29de212aefa1979	2d462802b3061d32dcbfd483c0cab0ec	2062270544	2224329807
SID31549	CRC	Public_study__FengQ_2015	ERR688553	SAMEA3136728	ERS608579	https://ftp.sra.ebi.ac.uk/vol1/fastq/ERR688/ERR688553/ERR688553_1.fastq.gz	https://ftp.sra.ebi.ac.uk/vol1/fastq/ERR688/ERR688553/ERR688553_2.fastq.gz	0ed1095455c38185b39a27546ba423e1	5b2c5a096e4d5b6e77ab9c744b806117	2381458598	2447719604
SID31557	Control	Public_study__FengQ_2015	ERR688554	SAMEA3136635	ERS608486	https://ftp.sra.ebi.ac.uk/vol1/fastq/ERR688/ERR688554/ERR688554_1.fastq.gz	https://ftp.sra.ebi.ac.uk/vol1/fastq/ERR688/ERR688554/ERR688554_2.fastq.gz	0e3e2e5e307a6fbef842caa3e9ea7501	05c60ba4fae5d7c35af278e9b883596c	2265907922	2220303701
SID31582	Adenoma	Public_study__FengQ_2015	ERR688555	SAMEA3136716	ERS608567	https://ftp.sra.ebi.ac.uk/vol1/fastq/ERR688/ERR688555/ERR688555_1.fastq.gz	https://ftp.sra.ebi.ac.uk/vol1/fastq/ERR688/ERR688555/ERR688555_2.fastq.gz	4f1741d693558f909a95bac8b3ac0e96	a586ed6440dcd5068c87d14dd2b0f3c8	2064723336	2172521982
SID31637	Control	Public_study__FengQ_2015	ERR688557	SAMEA3136679	ERS608530	https://ftp.sra.ebi.ac.uk/vol1/fastq/ERR688/ERR688557/ERR688557_1.fastq.gz	https://ftp.sra.ebi.ac.uk/vol1/fastq/ERR688/ERR688557/ERR688557_2.fastq.gz	ee40773e3eb45326bfae8b5c396c15f1	b9c715688914340163df06bac4093945	1842493641	1895327710
SID31685	CRC	Public_study__FengQ_2015	ERR688558	SAMEA3136756	ERS608607	https://ftp.sra.ebi.ac.uk/vol1/fastq/ERR688/ERR688558/ERR688558_1.fastq.gz	https://ftp.sra.ebi.ac.uk/vol1/fastq/ERR688/ERR688558/ERR688558_2.fastq.gz	3306fad0963854c1c1128ad1ba83464c	384331b24366d6e9f7aa88568b214e8f	2117687640	2185943069
SID31700	Control	Public_study__FengQ_2015	ERR688559	SAMEA3136632	ERS608483	https://ftp.sra.ebi.ac.uk/vol1/fastq/ERR688/ERR688559/ERR688559_1.fastq.gz	https://ftp.sra.ebi.ac.uk/vol1/fastq/ERR688/ERR688559/ERR688559_2.fastq.gz	9ad3c8f67d7045d53771e22cdefe0049	c168f1e8f168629c1e78073760d47437	2707438323	2760860924
SID31705	Adenoma	Public_study__FengQ_2015	ERR688560	SAMEA3136722	ERS608573	https://ftp.sra.ebi.ac.uk/vol1/fastq/ERR688/ERR688560/ERR688560_1.fastq.gz	https://ftp.sra.ebi.ac.uk/vol1/fastq/ERR688/ERR688560/ERR688560_2.fastq.gz	92e5662ad0e36734c9c825d2f05a3a30	58a097e429b3f403fbdb0f8450853cec	2483108329	2562626960
SID31711	Control	Public_study__FengQ_2015	ERR688561	SAMEA3136677	ERS608528	https://ftp.sra.ebi.ac.uk/vol1/fastq/ERR688/ERR688561/ERR688561_1.fastq.gz	https://ftp.sra.ebi.ac.uk/vol1/fastq/ERR688/ERR688561/ERR688561_2.fastq.gz	4a2713ef6e86061041d50efcc8b113c0	5f55983efeb8da0c800d310e05d7d2da	2161343852	2205473195
SID31714	Control	Public_study__FengQ_2015	ERR688562	SAMEA3136633	ERS608484	https://ftp.sra.ebi.ac.uk/vol1/fastq/ERR688/ERR688562/ERR688562_1.fastq.gz	https://ftp.sra.ebi.ac.uk/vol1/fastq/ERR688/ERR688562/ERR688562_2.fastq.gz	260617ed232d8993ea412cd2f563ef6e	c698a3caf58fb34363efb490972e8a75	2439074577	2507467841
SID31723	Control	Public_study__FengQ_2015	ERR688563	SAMEA3136646	ERS608497	https://ftp.sra.ebi.ac.uk/vol1/fastq/ERR688/ERR688563/ERR688563_1.fastq.gz	https://ftp.sra.ebi.ac.uk/vol1/fastq/ERR688/ERR688563/ERR688563_2.fastq.gz	e8d4a1b11ded5792e35befd0cd3c151c	7fa228fe09a2d04dd35b23f20f4025f7	2077667584	2160559245
SID31749	Control	Public_study__FengQ_2015	ERR688564	SAMEA3136652	ERS608503	https://ftp.sra.ebi.ac.uk/vol1/fastq/ERR688/ERR688564/ERR688564_1.fastq.gz	https://ftp.sra.ebi.ac.uk/vol1/fastq/ERR688/ERR688564/ERR688564_2.fastq.gz	405da3ef5e2a7ffde2392249e6fe029d	a5ec02aa0c8c99e42b1aa1667c225607	2514682345	2556887560
SID31750	Control	Public_study__FengQ_2015	ERR688565	SAMEA3136658	ERS608509	https://ftp.sra.ebi.ac.uk/vol1/fastq/ERR688/ERR688565/ERR688565_1.fastq.gz	https://ftp.sra.ebi.ac.uk/vol1/fastq/ERR688/ERR688565/ERR688565_2.fastq.gz	2a125131487dbbecf68853f073e235f4	c0815da7776a40ad20637a059840a44c	2325662510	2302827762
SID31766	Control	Public_study__FengQ_2015	ERR688566	SAMEA3136623	ERS608474	https://ftp.sra.ebi.ac.uk/vol1/fastq/ERR688/ERR688566/ERR688566_1.fastq.gz	https://ftp.sra.ebi.ac.uk/vol1/fastq/ERR688/ERR688566/ERR688566_2.fastq.gz	189b56fb20e1f369afee763e8d1695e4	5e2331cd30bbcd3f3671cfe9dbdca2b7	1622204380	1659059223
SID31865	CRC	Public_study__FengQ_2015	ERR688568	SAMEA3136737	ERS608588	https://ftp.sra.ebi.ac.uk/vol1/fastq/ERR688/ERR688568/ERR688568_1.fastq.gz	https://ftp.sra.ebi.ac.uk/vol1/fastq/ERR688/ERR688568/ERR688568_2.fastq.gz	8aacdc6e7a2434d993ce61e2c0617177	66d1d66ee307d6506c7f38647ea49745	1574572139	1695357710
SID31866	CRC	Public_study__FengQ_2015	ERR688569	SAMEA3136726	ERS608577	https://ftp.sra.ebi.ac.uk/vol1/fastq/ERR688/ERR688569/ERR688569_1.fastq.gz	https://ftp.sra.ebi.ac.uk/vol1/fastq/ERR688/ERR688569/ERR688569_2.fastq.gz	84370fdcc87cf206b04a03bf301c726d	09e795eacc9bd0c03da49bee09b4a2a4	2623318672	2667096084
SID31868	CRC	Public_study__FengQ_2015	ERR688570	SAMEA3136734	ERS608585	https://ftp.sra.ebi.ac.uk/vol1/fastq/ERR688/ERR688570/ERR688570_1.fastq.gz	https://ftp.sra.ebi.ac.uk/vol1/fastq/ERR688/ERR688570/ERR688570_2.fastq.gz	b80a22b3ca9e43cdf71046e6356d99a0	ea3102ffb5474a7b1e579dcfab9a4e80	1909371248	1951438784
SID31870	CRC	Public_study__FengQ_2015	ERR688571	SAMEA3136758	ERS608609	https://ftp.sra.ebi.ac.uk/vol1/fastq/ERR688/ERR688571/ERR688571_1.fastq.gz	https://ftp.sra.ebi.ac.uk/vol1/fastq/ERR688/ERR688571/ERR688571_2.fastq.gz	51f90581e2b0d8cd05ed32377944519b	0247ab96e3564cbab523b03cd16aa616	2569023565	2664705387
SID31871	CRC	Public_study__FengQ_2015	ERR688572	SAMEA3136750	ERS608601	https://ftp.sra.ebi.ac.uk/vol1/fastq/ERR688/ERR688572/ERR688572_1.fastq.gz	https://ftp.sra.ebi.ac.uk/vol1/fastq/ERR688/ERR688572/ERR688572_2.fastq.gz	f93873b4bbeeb0fdc1c6481390b16106	b8797d7bcade9e828cbcad3e05697b89	2832734290	2916945816
SID31872	CRC	Public_study__FengQ_2015	ERR688573	SAMEA3136742	ERS608593	https://ftp.sra.ebi.ac.uk/vol1/fastq/ERR688/ERR688573/ERR688573_1.fastq.gz	https://ftp.sra.ebi.ac.uk/vol1/fastq/ERR688/ERR688573/ERR688573_2.fastq.gz	c5fe9a9bf86b37d696be6132d144f75c	cfd27549613e8a703cd5c57cb17f7ab9	2381226551	2455007487
SID31873	CRC	Public_study__FengQ_2015	ERR688574	SAMEA3136760	ERS608611	https://ftp.sra.ebi.ac.uk/vol1/fastq/ERR688/ERR688574/ERR688574_1.fastq.gz	https://ftp.sra.ebi.ac.uk/vol1/fastq/ERR688/ERR688574/ERR688574_2.fastq.gz	3133705a64b0f85f03e27b2c26bed69a	c88527a3d773df6f3e38a851211a97f9	2477032821	2508196533
SID31874	CRC	Public_study__FengQ_2015	ERR688575	SAMEA3136727	ERS608578	https://ftp.sra.ebi.ac.uk/vol1/fastq/ERR688/ERR688575/ERR688575_1.fastq.gz	https://ftp.sra.ebi.ac.uk/vol1/fastq/ERR688/ERR688575/ERR688575_2.fastq.gz	10229b809c8024ccfd05d136b535fe24	b3f9c0fc4b0c5627d15af8f60488d3a7	2589441404	2641884977
SID31875	CRC	Public_study__FengQ_2015	ERR688576	SAMEA3136752	ERS608603	https://ftp.sra.ebi.ac.uk/vol1/fastq/ERR688/ERR688576/ERR688576_1.fastq.gz	https://ftp.sra.ebi.ac.uk/vol1/fastq/ERR688/ERR688576/ERR688576_2.fastq.gz	6ab1a5590d2c27a33bb67128815e12d8	25877c8ebf5555fd255a19816d654390	2642184887	2729141379
SID31876	CRC	Public_study__FengQ_2015	ERR688577	SAMEA3136740	ERS608591	https://ftp.sra.ebi.ac.uk/vol1/fastq/ERR688/ERR688577/ERR688577_1.fastq.gz	https://ftp.sra.ebi.ac.uk/vol1/fastq/ERR688/ERR688577/ERR688577_2.fastq.gz	d165be9edd89e9323cb55ff169610347	99aa3d4d63fbfaf0421baa8ebc930980	2430006013	2492016809
SID31877	CRC	Public_study__FengQ_2015	ERR688578	SAMEA3136731	ERS608582	https://ftp.sra.ebi.ac.uk/vol1/fastq/ERR688/ERR688578/ERR688578_1.fastq.gz	https://ftp.sra.ebi.ac.uk/vol1/fastq/ERR688/ERR688578/ERR688578_2.fastq.gz	03c8f07a525af9ff0e048affdd8f36c0	6e0f2437be4a51f757c8dab4df6bc5b7	2321244185	2369084743
SID31878	CRC	Public_study__FengQ_2015	ERR688579	SAMEA3136729	ERS608580	https://ftp.sra.ebi.ac.uk/vol1/fastq/ERR688/ERR688579/ERR688579_1.fastq.gz	https://ftp.sra.ebi.ac.uk/vol1/fastq/ERR688/ERR688579/ERR688579_2.fastq.gz	6b08bdc04a3987da46e15b7ff0298b2d	c09e30f22e87f81b799900aca066c728	2168346122	2295578329
SID31879	CRC	Public_study__FengQ_2015	ERR688580	SAMEA3136767	ERS608618	https://ftp.sra.ebi.ac.uk/vol1/fastq/ERR688/ERR688580/ERR688580_1.fastq.gz	https://ftp.sra.ebi.ac.uk/vol1/fastq/ERR688/ERR688580/ERR688580_2.fastq.gz	d6aef520462a2467c2cf3905c985b27f	af2f8dba166a7cd5ce2ce67d18fc0432	2346341493	2456090475
SID31880	CRC	Public_study__FengQ_2015	ERR688581	SAMEA3136761	ERS608612	https://ftp.sra.ebi.ac.uk/vol1/fastq/ERR688/ERR688581/ERR688581_1.fastq.gz	https://ftp.sra.ebi.ac.uk/vol1/fastq/ERR688/ERR688581/ERR688581_2.fastq.gz	fa7321b1768585c7b6402250f94c4f0a	3b69d2ff1dab3d82aada5d8c279bb8b5	2464725286	2572709618
SID31881	CRC	Public_study__FengQ_2015	ERR688582	SAMEA3136725	ERS608576	https://ftp.sra.ebi.ac.uk/vol1/fastq/ERR688/ERR688582/ERR688582_1.fastq.gz	https://ftp.sra.ebi.ac.uk/vol1/fastq/ERR688/ERR688582/ERR688582_2.fastq.gz	51898b4df843baabbd729178c1bcaed8	9ec8c9e56baea9dbfa1c1110d2e1158e	2858798656	2913740492
SID31883	CRC	Public_study__FengQ_2015	ERR688583	SAMEA3136763	ERS608614	https://ftp.sra.ebi.ac.uk/vol1/fastq/ERR688/ERR688583/ERR688583_1.fastq.gz	https://ftp.sra.ebi.ac.uk/vol1/fastq/ERR688/ERR688583/ERR688583_2.fastq.gz	b34effe4060534751b2050e5ca0b225f	0c3ba99471cec81a71fbfeb9e8ae79a2	3159591460	3247445569
SID31884	CRC	Public_study__FengQ_2015	ERR688567	SAMEA3136753	ERS608604	https://ftp.sra.ebi.ac.uk/vol1/fastq/ERR688/ERR688567/ERR688567_1.fastq.gz	https://ftp.sra.ebi.ac.uk/vol1/fastq/ERR688/ERR688567/ERR688567_2.fastq.gz	aa7a0374ef67db070451be61a62eb3e1	00ad776fc91303beaed465f68b7f5831	2036561372	2100328876
SID530002	Adenoma	Public_study__FengQ_2015	ERR688587	SAMEA3136687	ERS608538	https://ftp.sra.ebi.ac.uk/vol1/fastq/ERR688/ERR688587/ERR688587_1.fastq.gz	https://ftp.sra.ebi.ac.uk/vol1/fastq/ERR688/ERR688587/ERR688587_2.fastq.gz	5177854d693ebfce19c6d81a593503d8	f888ece30af9076d16495f1bed7baaa8	2296549560	2386647649
SID530018	Adenoma	Public_study__FengQ_2015	ERR688584	SAMEA3136708	ERS608559	https://ftp.sra.ebi.ac.uk/vol1/fastq/ERR688/ERR688584/ERR688584_1.fastq.gz	https://ftp.sra.ebi.ac.uk/vol1/fastq/ERR688/ERR688584/ERR688584_2.fastq.gz	31f23dbb04439e19ca87bde92d9b65b8	b390795517727857d87dcb1511a523a5	2058629047	2155537869
SID530026	Adenoma	Public_study__FengQ_2015	ERR688585	SAMEA3136696	ERS608547	https://ftp.sra.ebi.ac.uk/vol1/fastq/ERR688/ERR688585/ERR688585_1.fastq.gz	https://ftp.sra.ebi.ac.uk/vol1/fastq/ERR688/ERR688585/ERR688585_2.fastq.gz	6f24a43e73cf579fde6b4f00412e7f07	aa11ac5658c9561ab43ea4dd3dcbc253	1986105517	2043980412
SID530028	Adenoma	Public_study__FengQ_2015	ERR688586	SAMEA3136705	ERS608556	https://ftp.sra.ebi.ac.uk/vol1/fastq/ERR688/ERR688586/ERR688586_1.fastq.gz	https://ftp.sra.ebi.ac.uk/vol1/fastq/ERR688/ERR688586/ERR688586_2.fastq.gz	98feaeb0f9ecb3f72b92bef1102fcda9	9449a8ba98e13ce2962942ac5db932b5	2134634766	2194033757
SID530039	Adenoma	Public_study__FengQ_2015	ERR688588	SAMEA3136710	ERS608561	https://ftp.sra.ebi.ac.uk/vol1/fastq/ERR688/ERR688588/ERR688588_1.fastq.gz	https://ftp.sra.ebi.ac.uk/vol1/fastq/ERR688/ERR688588/ERR688588_2.fastq.gz	09f1beceaa4d1bfe97aafe256b18498c	9577700abc7454ea1340f7dc1bef647c	1772679283	1840245922
SID530041	Adenoma	Public_study__FengQ_2015	ERR688589	SAMEA3136721	ERS608572	https://ftp.sra.ebi.ac.uk/vol1/fastq/ERR688/ERR688589/ERR688589_1.fastq.gz	https://ftp.sra.ebi.ac.uk/vol1/fastq/ERR688/ERR688589/ERR688589_2.fastq.gz	d634f6671b2ed41aeabbff1f18bc9a46	7d740e740bd396b088faee44b4d7186f	2529704704	2589055029
SID530050	Control	Public_study__FengQ_2015	ERR688590	SAMEA3136629	ERS608480	https://ftp.sra.ebi.ac.uk/vol1/fastq/ERR688/ERR688590/ERR688590_1.fastq.gz	https://ftp.sra.ebi.ac.uk/vol1/fastq/ERR688/ERR688590/ERR688590_2.fastq.gz	6964cc6f5b382c10c51869b0204dfca0	cfff58f91e150e40173cddad62cec7eb	1675414746	1722969799
SID530052	Control	Public_study__FengQ_2015	ERR688591	SAMEA3136661	ERS608512	https://ftp.sra.ebi.ac.uk/vol1/fastq/ERR688/ERR688591/ERR688591_1.fastq.gz	https://ftp.sra.ebi.ac.uk/vol1/fastq/ERR688/ERR688591/ERR688591_2.fastq.gz	36333e4e69e4b738fba9a434bd9f76e0	9b258c8d197c4aa03619267049f8e8e8	1708360694	1772369210
SID530054	Adenoma	Public_study__FengQ_2015	ERR688592	SAMEA3136698	ERS608549	https://ftp.sra.ebi.ac.uk/vol1/fastq/ERR688/ERR688592/ERR688592_1.fastq.gz	https://ftp.sra.ebi.ac.uk/vol1/fastq/ERR688/ERR688592/ERR688592_2.fastq.gz	596aaa300b50a8d911f79c04423b2e9f	214b71cae0c94d16c30999ac063df9e7	2664906477	2654621042
SID530055	Control	Public_study__FengQ_2015	ERR688593	SAMEA3136675	ERS608526	https://ftp.sra.ebi.ac.uk/vol1/fastq/ERR688/ERR688593/ERR688593_1.fastq.gz	https://ftp.sra.ebi.ac.uk/vol1/fastq/ERR688/ERR688593/ERR688593_2.fastq.gz	e56ff270e69c977112128330e7227995	62524549e43b9569aadf144fa806ca18	1848089119	1908453572
SID530074	Control	Public_study__FengQ_2015	ERR688594	SAMEA3136639	ERS608490	https://ftp.sra.ebi.ac.uk/vol1/fastq/ERR688/ERR688594/ERR688594_1.fastq.gz	https://ftp.sra.ebi.ac.uk/vol1/fastq/ERR688/ERR688594/ERR688594_2.fastq.gz	c820854abf5f5efda37d2b177b7f2a50	87c663b1ad3978c58d34d431642f463a	1811537207	1858132376
SID530075	Control	Public_study__FengQ_2015	ERR688595	SAMEA3136678	ERS608529	https://ftp.sra.ebi.ac.uk/vol1/fastq/ERR688/ERR688595/ERR688595_1.fastq.gz	https://ftp.sra.ebi.ac.uk/vol1/fastq/ERR688/ERR688595/ERR688595_2.fastq.gz	3cedb457eb02795ff34f2221e43cca76	bbfbdf49ed6ccf6038e4b5c5a6009b2f	1900582584	1951186206
SID530119	Control	Public_study__FengQ_2015	ERR688596	SAMEA3136651	ERS608502	https://ftp.sra.ebi.ac.uk/vol1/fastq/ERR688/ERR688596/ERR688596_1.fastq.gz	https://ftp.sra.ebi.ac.uk/vol1/fastq/ERR688/ERR688596/ERR688596_2.fastq.gz	cb0bdda14950c2a071336117b5f18150	d2284283d61a2fe8a78d736ffa947301	2364328669	2455796531
SID530142	Adenoma	Public_study__FengQ_2015	ERR688597	SAMEA3136695	ERS608546	https://ftp.sra.ebi.ac.uk/vol1/fastq/ERR688/ERR688597/ERR688597_1.fastq.gz	https://ftp.sra.ebi.ac.uk/vol1/fastq/ERR688/ERR688597/ERR688597_2.fastq.gz	5138ab86403c712bd8dc39e5da48104f	66f83353d77d61de366fa6f197caa012	2658454430	2767997106
SID530154	Control	Public_study__FengQ_2015	ERR688598	SAMEA3136636	ERS608487	https://ftp.sra.ebi.ac.uk/vol1/fastq/ERR688/ERR688598/ERR688598_1.fastq.gz	https://ftp.sra.ebi.ac.uk/vol1/fastq/ERR688/ERR688598/ERR688598_2.fastq.gz	45ff21a5d01ed40809b8805d3e6fb6f7	24eb1e9398b8c88a61fd16c7ec4c3c86	2526792830	2573297346
SID530163	Control	Public_study__FengQ_2015	ERR688599	SAMEA3136655	ERS608506	https://ftp.sra.ebi.ac.uk/vol1/fastq/ERR688/ERR688599/ERR688599_1.fastq.gz	https://ftp.sra.ebi.ac.uk/vol1/fastq/ERR688/ERR688599/ERR688599_2.fastq.gz	f57f6ccc279627fe75ce211051baba51	3dad21dd70a45854290654216f3c78e9	2271761089	2334914446
SID530167	Control	Public_study__FengQ_2015	ERR688600	SAMEA3136627	ERS608478	https://ftp.sra.ebi.ac.uk/vol1/fastq/ERR688/ERR688600/ERR688600_1.fastq.gz	https://ftp.sra.ebi.ac.uk/vol1/fastq/ERR688/ERR688600/ERR688600_2.fastq.gz	69cdb97b2fe7fd9ea2d7f12a5e57b0fa	00aaaee3dbb46c85ba3835185b8bc00a	1977466566	2036610298
SID530168	Adenoma	Public_study__FengQ_2015	ERR688601	SAMEA3136682	ERS608533	https://ftp.sra.ebi.ac.uk/vol1/fastq/ERR688/ERR688601/ERR688601_1.fastq.gz	https://ftp.sra.ebi.ac.uk/vol1/fastq/ERR688/ERR688601/ERR688601_2.fastq.gz	9dccbd10de3a4e232f1ae435bdbff15c	12f2658849312f7df1cf04d931c482a5	2170169417	2258915638
SID530172	Adenoma	Public_study__FengQ_2015	ERR688602	SAMEA3136711	ERS608562	https://ftp.sra.ebi.ac.uk/vol1/fastq/ERR688/ERR688602/ERR688602_1.fastq.gz	https://ftp.sra.ebi.ac.uk/vol1/fastq/ERR688/ERR688602/ERR688602_2.fastq.gz	8685f62441cd5ffd017159d0de65846b	4cca79d0d1f2dfc8a9587bffc1691e92	2088472332	2132845629
SID530177	Control	Public_study__FengQ_2015	ERR688603	SAMEA3136631	ERS608482	https://ftp.sra.ebi.ac.uk/vol1/fastq/ERR688/ERR688603/ERR688603_1.fastq.gz	https://ftp.sra.ebi.ac.uk/vol1/fastq/ERR688/ERR688603/ERR688603_2.fastq.gz	a339cd352dc011aa95047459669957a5	83c43dba35a053c97b184811c1261046	2053865633	2117300970
SID530185	Adenoma	Public_study__FengQ_2015	ERR688604	SAMEA3136683	ERS608534	https://ftp.sra.ebi.ac.uk/vol1/fastq/ERR688/ERR688604/ERR688604_1.fastq.gz	https://ftp.sra.ebi.ac.uk/vol1/fastq/ERR688/ERR688604/ERR688604_2.fastq.gz	4e748cc3ca98dfe881576957620b4aff	46d815f93d60026b02b6063367bf0af1	2091917657	2191918240
SID530215	Control	Public_study__FengQ_2015	ERR688605	SAMEA3136666	ERS608517	https://ftp.sra.ebi.ac.uk/vol1/fastq/ERR688/ERR688605/ERR688605_1.fastq.gz	https://ftp.sra.ebi.ac.uk/vol1/fastq/ERR688/ERR688605/ERR688605_2.fastq.gz	f9b03d9b3cdc290a612b8a151592bcef	a81883f417f3b1daf20a95f712aa23d8	1664652584	1720522543
SID530227	Control	Public_study__FengQ_2015	ERR688606	SAMEA3136640	ERS608491	https://ftp.sra.ebi.ac.uk/vol1/fastq/ERR688/ERR688606/ERR688606_1.fastq.gz	https://ftp.sra.ebi.ac.uk/vol1/fastq/ERR688/ERR688606/ERR688606_2.fastq.gz	0e0c575d7bee577a12ba1ec5e6372ba2	8944c696513337e18cc5e506706ca0cd	2318873762	2381933622
SID530251	Control	Public_study__FengQ_2015	ERR688607	SAMEA3136649	ERS608500	https://ftp.sra.ebi.ac.uk/vol1/fastq/ERR688/ERR688607/ERR688607_1.fastq.gz	https://ftp.sra.ebi.ac.uk/vol1/fastq/ERR688/ERR688607/ERR688607_2.fastq.gz	6c6968e2d50878d1eacae09cbe1fbb3e	5e9c5ee2d31e0dc658bb343ebb70c126	1631464772	1685156284
SID530258	Control	Public_study__FengQ_2015	ERR688608	SAMEA3136672	ERS608523	https://ftp.sra.ebi.ac.uk/vol1/fastq/ERR688/ERR688608/ERR688608_1.fastq.gz	https://ftp.sra.ebi.ac.uk/vol1/fastq/ERR688/ERR688608/ERR688608_2.fastq.gz	ba50887533869832344283e4ffc8bc7b	2b8e8f7daed1cb68f7fb226f22e8a5b4	1973059130	2044225255
SID530262	Adenoma	Public_study__FengQ_2015	ERR688609	SAMEA3136709	ERS608560	https://ftp.sra.ebi.ac.uk/vol1/fastq/ERR688/ERR688609/ERR688609_1.fastq.gz	https://ftp.sra.ebi.ac.uk/vol1/fastq/ERR688/ERR688609/ERR688609_2.fastq.gz	804d2004c63659644a828bff317a1bd7	6a781b046bb3b74e21600dacbd4575b8	1304915303	1327290651
SID530295	Control	Public_study__FengQ_2015	ERR688610	SAMEA3136642	ERS608493	https://ftp.sra.ebi.ac.uk/vol1/fastq/ERR688/ERR688610/ERR688610_1.fastq.gz	https://ftp.sra.ebi.ac.uk/vol1/fastq/ERR688/ERR688610/ERR688610_2.fastq.gz	f9c520d660b7c9fb33c731b727936b51	efbdb2b668a254ffb134798023003e32	2370212473	2360322364
SID530297	Adenoma	Public_study__FengQ_2015	ERR688611	SAMEA3136694	ERS608545	https://ftp.sra.ebi.ac.uk/vol1/fastq/ERR688/ERR688611/ERR688611_1.fastq.gz	https://ftp.sra.ebi.ac.uk/vol1/fastq/ERR688/ERR688611/ERR688611_2.fastq.gz	3f3edaf4a065a97d6db919322e5619fa	7c8f2e4073aa5db495bf4e3da6a8c956	2478301814	2571622989
SID530315	Control	Public_study__FengQ_2015	ERR688612	SAMEA3136628	ERS608479	https://ftp.sra.ebi.ac.uk/vol1/fastq/ERR688/ERR688612/ERR688612_1.fastq.gz	https://ftp.sra.ebi.ac.uk/vol1/fastq/ERR688/ERR688612/ERR688612_2.fastq.gz	0d1547e0e65f3ae12a422168ea9f98f1	a8e6e6cc5cd9aa8182856449d4057b89	1684533926	1738185836
SID530323	Adenoma	Public_study__FengQ_2015	ERR688613	SAMEA3136719	ERS608570	https://ftp.sra.ebi.ac.uk/vol1/fastq/ERR688/ERR688613/ERR688613_1.fastq.gz	https://ftp.sra.ebi.ac.uk/vol1/fastq/ERR688/ERR688613/ERR688613_2.fastq.gz	ba312693c4e160936e7a9c63483f16a7	d7f2d1b90d940211119b0c17dd53474d	2575330030	2635629902
SID530331	Control	Public_study__FengQ_2015	ERR688614	SAMEA3136671	ERS608522	https://ftp.sra.ebi.ac.uk/vol1/fastq/ERR688/ERR688614/ERR688614_1.fastq.gz	https://ftp.sra.ebi.ac.uk/vol1/fastq/ERR688/ERR688614/ERR688614_2.fastq.gz	8447afb454e9d020c43dbf8353d11d04	9b84947ddd9324b176e595fe0dca1d40	1848283662	1917466214
SID530348	Adenoma	Public_study__FengQ_2015	ERR688615	SAMEA3136720	ERS608571	https://ftp.sra.ebi.ac.uk/vol1/fastq/ERR688/ERR688615/ERR688615_1.fastq.gz	https://ftp.sra.ebi.ac.uk/vol1/fastq/ERR688/ERR688615/ERR688615_2.fastq.gz	b3defde1e7a683e85420c6674d622a6f	6d591108531acaa3ddfc57cb31346631	2287057570	2344804689
SID530364	Control	Public_study__FengQ_2015	ERR688616	SAMEA3136653	ERS608504	https://ftp.sra.ebi.ac.uk/vol1/fastq/ERR688/ERR688616/ERR688616_1.fastq.gz	https://ftp.sra.ebi.ac.uk/vol1/fastq/ERR688/ERR688616/ERR688616_2.fastq.gz	d72e185e831cda61157ff78399f9141a	5fab2594b07a3d7487f3f558df6fcc7b	1853017245	1894328111
SID530368	Control	Public_study__FengQ_2015	ERR688617	SAMEA3136643	ERS608494	https://ftp.sra.ebi.ac.uk/vol1/fastq/ERR688/ERR688617/ERR688617_1.fastq.gz	https://ftp.sra.ebi.ac.uk/vol1/fastq/ERR688/ERR688617/ERR688617_2.fastq.gz	b40991c59b8fdb6dd3c59c467ffd510d	696bdc37b507f7fda52b823bc64173f7	1715703228	1770564520
SID530373	CRC	Public_study__FengQ_2015	ERR688618	SAMEA3136732	ERS608583	https://ftp.sra.ebi.ac.uk/vol1/fastq/ERR688/ERR688618/ERR688618_1.fastq.gz	https://ftp.sra.ebi.ac.uk/vol1/fastq/ERR688/ERR688618/ERR688618_2.fastq.gz	b650414a9fafa0768ed69e2057fb5ae0	f41ebe7bd698c7a3e9760eb15092a9e5	2175866414	2235657480
SID530394	Control	Public_study__FengQ_2015	ERR688619	SAMEA3136641	ERS608492	https://ftp.sra.ebi.ac.uk/vol1/fastq/ERR688/ERR688619/ERR688619_1.fastq.gz	https://ftp.sra.ebi.ac.uk/vol1/fastq/ERR688/ERR688619/ERR688619_2.fastq.gz	af0b27176e045e297f681ee45b1168ab	df95db3ae8fdd670e85a69c8312ce049	2810093649	2909976174
SID530398	Adenoma	Public_study__FengQ_2015	ERR688620	SAMEA3136715	ERS608566	https://ftp.sra.ebi.ac.uk/vol1/fastq/ERR688/ERR688620/ERR688620_1.fastq.gz	https://ftp.sra.ebi.ac.uk/vol1/fastq/ERR688/ERR688620/ERR688620_2.fastq.gz	585b7dd8abd47af32bb22bf8cd3f579b	3303357534eb83ba9d67733bdb246af8	2441669166	2425797052
SID530403	Adenoma	Public_study__FengQ_2015	ERR688621	SAMEA3136686	ERS608537	https://ftp.sra.ebi.ac.uk/vol1/fastq/ERR688/ERR688621/ERR688621_1.fastq.gz	https://ftp.sra.ebi.ac.uk/vol1/fastq/ERR688/ERR688621/ERR688621_2.fastq.gz	fe63f68d865a132fc91c718738dd436b	9691fbd4138a013017e60931702896e4	2435001898	2534915561
SID530444	Control	Public_study__FengQ_2015	ERR688622	SAMEA3136637	ERS608488	https://ftp.sra.ebi.ac.uk/vol1/fastq/ERR688/ERR688622/ERR688622_1.fastq.gz	https://ftp.sra.ebi.ac.uk/vol1/fastq/ERR688/ERR688622/ERR688622_2.fastq.gz	c412f3a60beac29f456450d4c2ba50cc	c92894e16f316392591bd590bd9ece92	2132316467	2161519029
SID530450	Adenoma	Public_study__FengQ_2015	ERR688623	SAMEA3136717	ERS608568	https://ftp.sra.ebi.ac.uk/vol1/fastq/ERR688/ERR688623/ERR688623_1.fastq.gz	https://ftp.sra.ebi.ac.uk/vol1/fastq/ERR688/ERR688623/ERR688623_2.fastq.gz	5f97a71de7eb9ae010e00785e31cb47b	a051833ce18e6248a0cd1693c6087c15	2172295840	2259529460
SID530451	Control	Public_study__FengQ_2015	ERR688624	SAMEA3136659	ERS608510	https://ftp.sra.ebi.ac.uk/vol1/fastq/ERR688/ERR688624/ERR688624_1.fastq.gz	https://ftp.sra.ebi.ac.uk/vol1/fastq/ERR688/ERR688624/ERR688624_2.fastq.gz	e3423bbe45f150960f698aa888bb76c2	235715707e182973cb4b61596c3b12ae	2594100719	2679372705
SID530558	Adenoma	Public_study__FengQ_2015	ERR688625	SAMEA3136697	ERS608548	https://ftp.sra.ebi.ac.uk/vol1/fastq/ERR688/ERR688625/ERR688625_1.fastq.gz	https://ftp.sra.ebi.ac.uk/vol1/fastq/ERR688/ERR688625/ERR688625_2.fastq.gz	dcdd5ef274fd4c14e1bf40f105bd1193	6965c0154f1c308c7cbe861539452198	2410931370	2464372335
SID530600	Adenoma	Public_study__FengQ_2015	ERR688626	SAMEA3136684	ERS608535	https://ftp.sra.ebi.ac.uk/vol1/fastq/ERR688/ERR688626/ERR688626_1.fastq.gz	https://ftp.sra.ebi.ac.uk/vol1/fastq/ERR688/ERR688626/ERR688626_2.fastq.gz	0b14d76d3f27b3b14a2852b0e052eac9	97d6155e48ac1b06bc81e1e50ff74c3d	2335455924	2396910010
SID530623	Adenoma	Public_study__FengQ_2015	ERR688627	SAMEA3136718	ERS608569	https://ftp.sra.ebi.ac.uk/vol1/fastq/ERR688/ERR688627/ERR688627_1.fastq.gz	https://ftp.sra.ebi.ac.uk/vol1/fastq/ERR688/ERR688627/ERR688627_2.fastq.gz	30c81c9208b9fa5e4e4073024cda5ad4	5eab16cc3bcbf27d9fec5479073208dd	2054259366	2068203377
SID530697	Adenoma	Public_study__FengQ_2015	ERR688628	SAMEA3136688	ERS608539	https://ftp.sra.ebi.ac.uk/vol1/fastq/ERR688/ERR688628/ERR688628_1.fastq.gz	https://ftp.sra.ebi.ac.uk/vol1/fastq/ERR688/ERR688628/ERR688628_2.fastq.gz	ac3511f24143740d851c8f5876f162fc	e8b36d3178cc8a83c477395dcddbb2bb	2507389116	2618237884
SID530705	Adenoma	Public_study__FengQ_2015	ERR688629	SAMEA3136701	ERS608552	https://ftp.sra.ebi.ac.uk/vol1/fastq/ERR688/ERR688629/ERR688629_1.fastq.gz	https://ftp.sra.ebi.ac.uk/vol1/fastq/ERR688/ERR688629/ERR688629_2.fastq.gz	cd1a3440b1ed65c45ebf52e9e29acbfa	4b86aa1688ea1246b8051aa9d0d084b9	1922064947	1997802778
SID530743	Adenoma	Public_study__FengQ_2015	ERR688630	SAMEA3136699	ERS608550	https://ftp.sra.ebi.ac.uk/vol1/fastq/ERR688/ERR688630/ERR688630_1.fastq.gz	https://ftp.sra.ebi.ac.uk/vol1/fastq/ERR688/ERR688630/ERR688630_2.fastq.gz	e4a3afad367e703903861fbab0a42c7c	1c4f2fe5041520e565a2fc429d3c47f6	2134304508	2150698966
SID530756	Adenoma	Public_study__FengQ_2015	ERR688631	SAMEA3136690	ERS608541	https://ftp.sra.ebi.ac.uk/vol1/fastq/ERR688/ERR688631/ERR688631_1.fastq.gz	https://ftp.sra.ebi.ac.uk/vol1/fastq/ERR688/ERR688631/ERR688631_2.fastq.gz	191fd747b0797a46462aafeaeac70ce2	bf6788e989d367f50a2e0049770b5d8b	1740151457	1788887907
SID530840	Adenoma	Public_study__FengQ_2015	ERR688632	SAMEA3136723	ERS608574	https://ftp.sra.ebi.ac.uk/vol1/fastq/ERR688/ERR688632/ERR688632_1.fastq.gz	https://ftp.sra.ebi.ac.uk/vol1/fastq/ERR688/ERR688632/ERR688632_2.fastq.gz	f4cc428c00927bb21d97d8584b423a04	56bdbdb17cd59d98d37994cf3bc70aec	2524970381	2583375375
SID530867	Adenoma	Public_study__FengQ_2015	ERR688633	SAMEA3136700	ERS608551	https://ftp.sra.ebi.ac.uk/vol1/fastq/ERR688/ERR688633/ERR688633_1.fastq.gz	https://ftp.sra.ebi.ac.uk/vol1/fastq/ERR688/ERR688633/ERR688633_2.fastq.gz	161a543eb670eae7cbb10ae0c1165bd3	25de70845d1409dc05c2bb8b8bcc9916	2673807566	2727784228
SID530890	CRC	Public_study__FengQ_2015	ERR688634	SAMEA3136746	ERS608597	https://ftp.sra.ebi.ac.uk/vol1/fastq/ERR688/ERR688634/ERR688634_1.fastq.gz	https://ftp.sra.ebi.ac.uk/vol1/fastq/ERR688/ERR688634/ERR688634_2.fastq.gz	7921ec5aae7bd4f17c2b786e2a564808	412a7092bae7919f21115837b2c92ecb	2540994845	2636920460
SID531128	CRC	Public_study__FengQ_2015	ERR688635	SAMEA3136759	ERS608610	https://ftp.sra.ebi.ac.uk/vol1/fastq/ERR688/ERR688635/ERR688635_1.fastq.gz	https://ftp.sra.ebi.ac.uk/vol1/fastq/ERR688/ERR688635/ERR688635_2.fastq.gz	ef77d2024bb8dc697d8313cdb36ced00	af552ddca8ddeca409b2afaa88ad2b54	1998284903	2046046066
SID531155	CRC	Public_study__FengQ_2015	ERR688636	SAMEA3136733	ERS608584	https://ftp.sra.ebi.ac.uk/vol1/fastq/ERR688/ERR688636/ERR688636_1.fastq.gz	https://ftp.sra.ebi.ac.uk/vol1/fastq/ERR688/ERR688636/ERR688636_2.fastq.gz	679c715bb86442b49088f788b7c749c0	9e7806e2354f5e12842651b725472b5b	2396864344	2450744342
SID531248	CRC	Public_study__FengQ_2015	ERR688637	SAMEA3136757	ERS608608	https://ftp.sra.ebi.ac.uk/vol1/fastq/ERR688/ERR688637/ERR688637_1.fastq.gz	https://ftp.sra.ebi.ac.uk/vol1/fastq/ERR688/ERR688637/ERR688637_2.fastq.gz	f282e57ac7e95ca38efb5dc2f00b2e11	aaa252756b88bfd5ee45a0012cf87870	2657827972	2748717816
SID531274	CRC	Public_study__FengQ_2015	ERR688638	SAMEA3136768	ERS608619	https://ftp.sra.ebi.ac.uk/vol1/fastq/ERR688/ERR688638/ERR688638_1.fastq.gz	https://ftp.sra.ebi.ac.uk/vol1/fastq/ERR688/ERR688638/ERR688638_2.fastq.gz	14a7c22b4f00938334c718444dab0ed9	c4bca2d6f322c5f675f2b45c0d0c294a	3229893570	3325113523
SID531277	CRC	Public_study__FengQ_2015	ERR688639	SAMEA3136749	ERS608600	https://ftp.sra.ebi.ac.uk/vol1/fastq/ERR688/ERR688639/ERR688639_1.fastq.gz	https://ftp.sra.ebi.ac.uk/vol1/fastq/ERR688/ERR688639/ERR688639_2.fastq.gz	fb25fac76df141ef84b3bd4935e1d334	27e48fda4fbd814f83b16a5c55b91ffa	2280555012	2359440549
SID531281	CRC	Public_study__FengQ_2015	ERR688640	SAMEA3136730	ERS608581	https://ftp.sra.ebi.ac.uk/vol1/fastq/ERR688/ERR688640/ERR688640_1.fastq.gz	https://ftp.sra.ebi.ac.uk/vol1/fastq/ERR688/ERR688640/ERR688640_2.fastq.gz	d67db1b9b9253e1653f26c06b48039ad	357663f570565be796d1c2a6beab8d24	2457874816	2513269972
SID531333	CRC	Public_study__FengQ_2015	ERR688641	SAMEA3136744	ERS608595	https://ftp.sra.ebi.ac.uk/vol1/fastq/ERR688/ERR688641/ERR688641_1.fastq.gz	https://ftp.sra.ebi.ac.uk/vol1/fastq/ERR688/ERR688641/ERR688641_2.fastq.gz	02dd018191a5646f23aee29aa7d0b262	c56a061092189ea23baea1bf1cfad12d	2444646917	2548117413
SID531352	CRC	Public_study__FengQ_2015	ERR688642	SAMEA3136764	ERS608615	https://ftp.sra.ebi.ac.uk/vol1/fastq/ERR688/ERR688642/ERR688642_1.fastq.gz	https://ftp.sra.ebi.ac.uk/vol1/fastq/ERR688/ERR688642/ERR688642_2.fastq.gz	3263a0a5d1232182a387df43d7437689	6e35c08c41fec08d85ddd04bd595332b	2764520064	2832724616
SID531361	CRC	Public_study__FengQ_2015	ERR688643	SAMEA3136735	ERS608586	https://ftp.sra.ebi.ac.uk/vol1/fastq/ERR688/ERR688643/ERR688643_1.fastq.gz	https://ftp.sra.ebi.ac.uk/vol1/fastq/ERR688/ERR688643/ERR688643_2.fastq.gz	205d5e830acef01a24ed42d7d3d28c09	0db2fa459435525126c2b605771476d8	2061538780	2107218356
SID531382	CRC	Public_study__FengQ_2015	ERR688644	SAMEA3136745	ERS608596	https://ftp.sra.ebi.ac.uk/vol1/fastq/ERR688/ERR688644/ERR688644_1.fastq.gz	https://ftp.sra.ebi.ac.uk/vol1/fastq/ERR688/ERR688644/ERR688644_2.fastq.gz	d2efd071d5d329d02cb10062713f9580	80d078fbf156136383473546197db2ad	2002669966	2094328488
SID531403	Adenoma	Public_study__FengQ_2015	ERR688645	SAMEA3136681	ERS608532	https://ftp.sra.ebi.ac.uk/vol1/fastq/ERR688/ERR688645/ERR688645_1.fastq.gz	https://ftp.sra.ebi.ac.uk/vol1/fastq/ERR688/ERR688645/ERR688645_2.fastq.gz	6292035c6f6339ed7d0e3883d5b8d37d	619a02829228c8f4390d842d127c20de	2760323644	2855589867
SID531414	Control	Public_study__FengQ_2015	ERR688646	SAMEA3136669	ERS608520	https://ftp.sra.ebi.ac.uk/vol1/fastq/ERR688/ERR688646/ERR688646_1.fastq.gz	https://ftp.sra.ebi.ac.uk/vol1/fastq/ERR688/ERR688646/ERR688646_2.fastq.gz	58ff6e9dadbfc98864338b5a54a3c078	0cdcb0b0ffdfd3e9938f387d63711b9b	2245393478	2314446703
SID531416	CRC	Public_study__FengQ_2015	ERR688647	SAMEA3136741	ERS608592	https://ftp.sra.ebi.ac.uk/vol1/fastq/ERR688/ERR688647/ERR688647_1.fastq.gz	https://ftp.sra.ebi.ac.uk/vol1/fastq/ERR688/ERR688647/ERR688647_2.fastq.gz	75aa73c73e5c77878a3c39247bb483d1	d243dbcc16be35b6cc8a2568d483bac0	2293623617	2382748121
SID531424	Control	Public_study__FengQ_2015	ERR688648	SAMEA3136647	ERS608498	https://ftp.sra.ebi.ac.uk/vol1/fastq/ERR688/ERR688648/ERR688648_1.fastq.gz	https://ftp.sra.ebi.ac.uk/vol1/fastq/ERR688/ERR688648/ERR688648_2.fastq.gz	b0cce9570dbd4c430a677361bbbf6ccf	0b6a91ef9c1eccb79825aed74d272e23	2057955811	2117737484
SID531469	CRC	Public_study__FengQ_2015	ERR688649	SAMEA3136739	ERS608590	https://ftp.sra.ebi.ac.uk/vol1/fastq/ERR688/ERR688649/ERR688649_1.fastq.gz	https://ftp.sra.ebi.ac.uk/vol1/fastq/ERR688/ERR688649/ERR688649_2.fastq.gz	2f96245c169976595a2afa73b3bcf7c6	9e20738a10555a33ccf615216b51c5b8	2069465298	2102246267
SID531663	Adenoma	Public_study__FengQ_2015	ERR710424	SAMEA3178944	ERS631834	https://ftp.sra.ebi.ac.uk/vol1/fastq/ERR710/ERR710424/ERR710424_1.fastq.gz	https://ftp.sra.ebi.ac.uk/vol1/fastq/ERR710/ERR710424/ERR710424_2.fastq.gz	22b32a64e3d8eec8475e9d943470696b	ee3f37b2033eb444667b3660f47c712b	1974440437	2046211578
SID531766	CRC	Public_study__FengQ_2015	ERR688650	SAMEA3136762	ERS608613	https://ftp.sra.ebi.ac.uk/vol1/fastq/ERR688/ERR688650/ERR688650_1.fastq.gz	https://ftp.sra.ebi.ac.uk/vol1/fastq/ERR688/ERR688650/ERR688650_2.fastq.gz	7f4ceadc8d173599d79fb37731efab55	a8c44be022bfd8c044b7e242ec1bf0a9	2895259298	2974816297
SID531775	CRC	Public_study__FengQ_2015	ERR688651	SAMEA3136736	ERS608587	https://ftp.sra.ebi.ac.uk/vol1/fastq/ERR688/ERR688651/ERR688651_1.fastq.gz	https://ftp.sra.ebi.ac.uk/vol1/fastq/ERR688/ERR688651/ERR688651_2.fastq.gz	c8a0381a6292ab33dd12426c301b6a8c	0e4dd398a1c465fae30d31adfb02075a	1797465954	1834464756
SID532305	Adenoma	Public_study__FengQ_2015	ERR710425	SAMEA3178942	ERS631832	https://ftp.sra.ebi.ac.uk/vol1/fastq/ERR710/ERR710425/ERR710425_1.fastq.gz	https://ftp.sra.ebi.ac.uk/vol1/fastq/ERR710/ERR710425/ERR710425_2.fastq.gz	5b029cf6044579a99799e9e5c3690519	11200f21562a767bd96c455abd69d84e	1591960609	1638799569
SID532749	Control	Public_study__FengQ_2015	ERR710426	SAMEA3178936	ERS631826	https://ftp.sra.ebi.ac.uk/vol1/fastq/ERR710/ERR710426/ERR710426_1.fastq.gz	https://ftp.sra.ebi.ac.uk/vol1/fastq/ERR710/ERR710426/ERR710426_2.fastq.gz	8b29f55cddfa73b4923cc922625c7474	591aa23b0ddcc6acdd8e893c1927831b	1951796160	1993676863
SID532779	Control	Public_study__FengQ_2015	ERR710427	SAMEA3178937	ERS631827	https://ftp.sra.ebi.ac.uk/vol1/fastq/ERR710/ERR710427/ERR710427_1.fastq.gz	https://ftp.sra.ebi.ac.uk/vol1/fastq/ERR710/ERR710427/ERR710427_2.fastq.gz	7538235d0b542ee742e771335a25a692	32d609e7e09e1eed884e218950e9f9ae	2222504217	2294592267
SID532796	Control	Public_study__FengQ_2015	ERR710428	SAMEA3178938	ERS631828	https://ftp.sra.ebi.ac.uk/vol1/fastq/ERR710/ERR710428/ERR710428_1.fastq.gz	https://ftp.sra.ebi.ac.uk/vol1/fastq/ERR710/ERR710428/ERR710428_2.fastq.gz	f8d69559ea7fe1441d8734690d5fad95	d762cc4ccdea927f0a43e5663f45a9b9	2043977762	2116482817
SID532802	Control	Public_study__FengQ_2015	ERR710429	SAMEA3178939	ERS631829	https://ftp.sra.ebi.ac.uk/vol1/fastq/ERR710/ERR710429/ERR710429_1.fastq.gz	https://ftp.sra.ebi.ac.uk/vol1/fastq/ERR710/ERR710429/ERR710429_2.fastq.gz	7a8b19cfca3e14f57d80ff49ceb3d9c4	9113885c01dea45d0fa2b7e105d780df	1724761970	1773187876
SID532826	Control	Public_study__FengQ_2015	ERR710430	SAMEA3178940	ERS631830	https://ftp.sra.ebi.ac.uk/vol1/fastq/ERR710/ERR710430/ERR710430_1.fastq.gz	https://ftp.sra.ebi.ac.uk/vol1/fastq/ERR710/ERR710430/ERR710430_2.fastq.gz	dc48e86476ca4338891e528fa2808f0a	fb94f819b1ddb81b6826c3a36950c3d7	1467316991	1512368131
SID532832	Adenoma	Public_study__FengQ_2015	ERR710431	SAMEA3178941	ERS631831	https://ftp.sra.ebi.ac.uk/vol1/fastq/ERR710/ERR710431/ERR710431_1.fastq.gz	https://ftp.sra.ebi.ac.uk/vol1/fastq/ERR710/ERR710431/ERR710431_2.fastq.gz	88d37d8dfcce5303450a44cc2dccea11	72590a88ffb0d17a571a323a7f23c7d0	1749200118	1800803558
SID532915	Control	Public_study__FengQ_2015	ERR710432	SAMEA3178943	ERS631833	https://ftp.sra.ebi.ac.uk/vol1/fastq/ERR710/ERR710432/ERR710432_1.fastq.gz	https://ftp.sra.ebi.ac.uk/vol1/fastq/ERR710/ERR710432/ERR710432_2.fastq.gz	ed1999cce42e56670771349d1c0a003b	a206ad8320213db2f31774f5d1af6226	2078570363	2139826748
